product_id,product_name,category,price
0da202d2-b325-407f-9fe3-740d365c90ab,cultural,Electronics,55.73
1870ba25-128d-481a-b705-a16a3fa11813,since,Clothing,20.22
aa8a2950-0fed-4af0-a513-cb8f2899f4c4,indeed,Home,74.71
ecfa1024-9bff-41dc-9eea-c9dce154b298,nearly,Clothing,78.09
0236e005-79c9-482e-9afd-56cc13f46f5f,government,Electronics,67.31
89f654ee-62fb-47e6-b353-5f87e9932f4b,side,Clothing,94.91
67a93f56-ed51-4418-9ca9-0f34df821d99,on,Home,81.32
597f978f-6717-4ac5-9226-c5ed7a1f2652,despite,Books,61.19
ad48967a-cb3c-447b-bd87-83631522341b,area,Books,60.31
12e45e28-52c6-4fc9-9d66-5fe9444bf9b4,pass,Clothing,53.23
d6eec8e9-2b3d-4022-a46b-9e4ba8606782,include,Books,45.63
00ba7ac2-0adb-45fd-8c8d-6de6028af317,not,Books,27.07
faf63d42-f2ec-429e-b8f7-f3ca25129919,garden,Books,72.44
8dd90325-47ca-4db5-8ff4-1b93630ba307,couple,Electronics,31.59
d51638a3-42d4-4207-b818-3e996fc022ce,use,Electronics,66.14
4887abe9-7fd1-4d62-8fda-0f45d791495c,data,Books,63.81
e8a08c04-c9eb-4cdc-b949-8afe2cdef430,mission,Books,33.03
efaed7af-bb70-4694-bd32-e65fc30348c3,next,Electronics,73.52
cb850dfc-b644-41de-bd51-2e7a99d6ff66,woman,Electronics,20.5
6b8be21a-d91c-4416-ab57-25e587f06948,list,Electronics,92.74
df57f498-bdda-4753-8928-7d6accd98ca0,safe,Home,45.04
da1e93ad-3ba4-4469-9324-f90955e15cf0,wrong,Electronics,10.6
2ea53010-abd6-4760-8ee3-7b75c08db292,task,Home,40.0
81f01d66-f424-47f1-b0d4-c9146728e270,military,Clothing,65.89
8d913525-d3bf-4ad0-b322-ae8dc26b67c6,site,Electronics,57.57
034eac98-ea91-43ce-86af-1da7035c88a4,reveal,Books,87.14
7b23f876-a3b0-4263-92fa-f97bc78e5b5a,on,Electronics,98.45
30577ae4-ea77-4e22-8648-ae672ad6440c,kid,Electronics,59.52
83e184c3-be43-408c-ac81-2ef854526208,change,Clothing,60.28
38c5ed44-7fd1-4043-9aa9-a36206c57b95,woman,Home,33.86
67703ff0-4815-440a-a81e-57968bd14e2b,remain,Books,28.54
ee1380d0-6029-4184-b9c6-623fb85d59c0,power,Electronics,67.6
253997d1-bf65-4e34-aa50-8bfd4633ce52,compare,Clothing,80.18
529c20ca-8a6e-449a-b23b-ccfa445ac6ab,indicate,Books,40.23
6fcddcc3-f8c7-4a3c-9517-54102510a437,manager,Books,10.12
9e3f2881-991b-4ea0-9c3d-8e3af1e0fe0c,American,Clothing,31.87
7719a86e-ae62-4d6d-8ed8-0259b6b4814c,party,Electronics,95.26
26db4e72-17bb-4cad-9a96-868825c8d181,save,Home,86.23
475e77ff-779f-4029-840f-814c4e5de68f,message,Home,63.21
a44efca8-5f7e-40fb-ab93-1036142e6906,phone,Home,74.7
5a4d026f-89ca-4f2c-b0e8-86b78a7c0807,summer,Clothing,96.88
ea1741ce-5a7d-41ce-897f-91598e2a96eb,television,Books,48.19
c5d7b2f4-a923-4dc6-b2e3-707db63315f4,room,Books,18.87
df0347c5-7468-4d88-bc08-8d2923c10a05,couple,Home,74.19
f22cf127-5e4e-4645-91cb-e60a007df3c4,whatever,Clothing,44.08
f7163add-fa60-4b8a-80f5-21bceb6d2200,task,Books,82.44
284eb908-3035-4de1-a87a-5f2c98dd64f0,on,Home,27.94
5bcf7ae6-9122-47c6-a5cd-a0f26948b37b,religious,Electronics,77.33
f6fcae10-215d-441d-b711-620f353bf835,single,Electronics,50.17
0fc07710-b497-419b-9c18-9637dafeb743,rule,Books,73.12
4c5e9cbd-3cc7-458a-adb6-27493229ba7a,add,Electronics,83.09
0e5d400f-bd85-4cf2-8d1f-492a9a7e417e,glass,Electronics,98.93
2e698336-e9b0-44a1-8bed-bd5521b5dfff,go,Electronics,90.44
a0d4cfc0-9fe8-4241-995c-feb6f38f9b4e,think,Home,16.44
d50df9b7-b68a-478a-9551-78cd49f66557,analysis,Clothing,65.9
eab15df9-3ff1-4411-a627-9cc58577f0bf,summer,Electronics,65.1
2abb04fd-2bbe-4d03-80d2-7d766de2af97,child,Home,75.71
a192a64b-bedd-4592-82d9-75a1c358c38b,effect,Electronics,66.69
2252fd94-0be1-43c1-8cc6-b63773195b75,last,Clothing,90.0
cd027936-26d0-4e24-8fe0-ef01faf6a715,on,Clothing,84.68
eeae5e94-ef5f-4297-8dcc-82dabb7252b2,understand,Home,44.21
f31f431b-426f-4ddb-a938-d7fbbf7d24ea,assume,Home,21.49
23139110-c5ca-4d2d-b3ae-7e1d9bd1a80f,degree,Home,11.7
dc3423f7-c448-429f-af75-971d228f393f,adult,Books,48.09
ad94962a-e2ff-444a-941b-2ef5512f687d,ever,Books,40.15
3a4aaeb4-828b-43ea-a108-da38795b4b41,foot,Books,32.97
e41a1480-08fe-4d49-8b50-79da873a49c0,friend,Clothing,60.01
963dc4b7-b699-44f8-9bb6-a61dc74f0abc,none,Books,72.13
546df7ac-97a2-4225-acf8-1be768cff497,response,Home,72.05
8af33f08-587e-48fd-92ba-8d25f0d13420,society,Home,92.3
58061fda-d6cb-4461-aa3f-eb579ad3e7a8,behavior,Electronics,91.67
8c47ae39-553a-49ac-8b39-c7fab2d40467,woman,Home,92.88
2db9c360-8c86-44cc-b1e0-ad464df29e39,capital,Clothing,12.49
19e12be8-4850-416f-96d7-653a9de812f9,create,Home,26.48
d6bf20e4-053f-4e4a-888c-e39956b76bb8,conference,Home,27.84
f8ea5ab4-6551-4fc7-9b3f-92affa396526,yourself,Home,13.23
35c3a644-8aa0-4066-8daa-f8f2e9bb191a,industry,Clothing,37.58
55054492-504d-46d4-8e9f-f22dad46e4e1,raise,Electronics,85.25
0c126e17-583a-4fbe-9d56-c827163e9665,owner,Electronics,47.17
f5be09a2-8409-483a-988d-4417c1bdfa4b,decision,Clothing,95.64
1694a1e6-c958-4ddd-b398-eff416d73922,voice,Home,55.69
ff765b3b-6eb0-4464-ac4a-4e59b8976f38,yourself,Electronics,24.74
d4dcbf03-234f-474b-bd1e-2f5821dd4edf,too,Electronics,65.05
54b0dafc-9927-49e8-8836-1ede1351dbfb,project,Books,77.1
c198e043-31e7-438a-9de0-906ad3cea887,any,Electronics,73.13
84e05845-3a53-4bef-aeba-573f385b1e97,do,Home,69.83
17632bf8-217e-4289-b854-5a9bf79efdc2,follow,Books,81.64
bd8e9afb-4627-4cf2-a7c8-233c13ae87ac,thought,Electronics,55.81
70a4c546-962a-4694-8dba-1197317cdbfe,sit,Clothing,42.76
1716325f-ab74-4ccd-b705-bca316f9bbf3,tend,Electronics,88.29
192fdcb8-43a5-4b09-9c3e-124c74681c00,fly,Books,73.23
a9f5bda2-c030-46a5-82f0-3b675fb5e115,right,Home,88.7
8294b50a-2379-4977-9540-30864a7d641c,between,Clothing,13.48
58cceda8-d136-40ff-9b3c-2fe102da97ac,traditional,Clothing,66.56
7fa9c65f-42bd-4847-be6f-a8120664c180,much,Books,48.75
00c38c75-a2a3-4dbc-afaa-b6e720c0a748,prepare,Books,89.25
864fce09-0fec-44d9-bacf-d540097b81ff,quite,Books,53.64
0e447461-60d0-4d3a-b9aa-c3f1f9f9b8c5,between,Electronics,83.97
0a677f7a-8466-43bf-a461-30795d46c17f,life,Books,46.9
1ca34a75-29d0-4f91-b113-01630ce59089,network,Books,68.34
ef537bdf-9924-4680-8a0c-1bea3a86bac9,daughter,Clothing,45.49
35586cfc-147c-4cf8-a901-9787d470d859,guy,Home,17.35
f514930f-4328-44d0-8b53-4e497e30c7a7,moment,Clothing,36.36
19f3b2bc-6fa0-4979-91f4-716cf58118e9,answer,Electronics,11.35
5250031c-55de-40dc-a2db-1fe7c212b74c,realize,Home,90.67
5e4b88a8-540c-4170-ae75-63ff9a9c124f,discussion,Home,80.11
93db6cdd-2f65-4011-b0d2-725c57d79919,brother,Books,78.72
77e0c84b-a7c6-4fec-ac90-b6aa482fb944,likely,Clothing,33.38
93abfdfa-5645-4770-b6a9-687eec9dd46e,see,Clothing,42.56
87dbc323-a971-48a5-9d21-630d1c488002,call,Electronics,93.25
a402eb12-5700-46bf-96fb-7c71c7282c42,offer,Electronics,57.84
5ec670c7-2895-468f-ad3c-c74c94137d0f,culture,Clothing,57.83
6e3d15e7-a2ab-44ff-b7a4-cd6444a8c732,college,Home,63.95
af3451f8-99e3-44c5-8c58-86ecb93c0e2f,conference,Home,62.67
92aee6a0-b61c-42a3-a436-dd872b4ef5be,role,Electronics,53.7
d2f7c8f5-26ba-4438-af88-9396e601333f,image,Home,67.4
19169506-63d3-46f6-8d31-a34c7a5965f3,us,Books,89.13
88555dc1-03d7-42e7-9649-a37d4bf9be24,space,Electronics,28.41
2c7835ba-a654-429c-9d93-1caa50c990b7,sometimes,Electronics,84.49
d3c0d59a-1079-440a-bdb0-27f803007725,office,Clothing,72.83
bc1f71d5-607c-4adb-a5cd-39f1c5bd842e,memory,Clothing,27.69
87257176-4112-4d5c-8d0d-cc9079542d0b,impact,Electronics,79.08
ccaa8ef0-9d37-4002-8e53-abe5f2bda7c4,body,Books,74.69
dfc01db9-d1e7-42b1-93e1-5cbbb35ff03b,institution,Electronics,87.52
1b996c3f-4979-49c6-ba5e-0c73b8399b07,point,Books,34.33
32ea307b-16af-48e4-b001-7a2ee4960dc6,it,Clothing,40.75
3c397d1d-4779-4e69-a83e-fb7451eb2517,true,Clothing,13.68
29a6dc3b-018a-4131-a77d-f2bef011a403,region,Clothing,65.29
06757269-c773-45a0-a042-5ad8a3b12221,medical,Electronics,29.2
5d9d9b3e-d72b-4349-af63-d8edb2b7a2c3,Mrs,Clothing,85.94
728e5826-544a-4ddd-ab64-33c1bac75438,different,Clothing,54.6
44735279-91dd-419f-b1ac-bf9d7fde3b21,side,Home,52.72
9fa7376c-9304-4448-8356-05349fd9a680,remember,Books,24.02
4640b0a1-5425-438e-8ae3-86a22db4ed62,Democrat,Electronics,70.69
a98bae9d-519e-411c-9ed5-a24d654f0aa1,party,Home,71.19
4ef57255-c701-411b-bd9d-8203b4306fd5,interest,Books,97.29
3f641aac-b081-473e-bc69-7d2ac824ba5b,window,Electronics,49.39
9977d22d-9a29-4ed3-83d2-376894c98f05,game,Electronics,22.44
ac8beb5b-df3f-4478-a334-1d8b45415590,operation,Home,85.73
57247ebb-c9da-46a9-8677-0a8e62f94dc8,every,Electronics,46.0
35099472-28dd-4f73-9a8b-251bef112e6a,total,Clothing,79.94
2d1a26ca-65b9-4ec3-9fe9-495b2d59555a,food,Books,18.98
f3f549d2-5887-4022-95b9-5fc6364fa5a1,employee,Books,92.4
358727dc-ed78-40e6-aee2-82946f4326c7,suffer,Books,26.05
e238a02b-5e83-4467-aca8-b917e53fcc96,possible,Books,52.81
a6400ad3-d3c6-40be-8dc4-7a0121f23579,even,Books,64.6
8dee18dc-3950-46cf-b44b-b2054baaeef2,degree,Books,28.53
9b1c2252-609f-4916-bf64-58a354b26d27,fly,Home,17.74
3446e0ad-9fe3-4f26-b4b3-c58de14f2dbe,international,Books,44.86
e37ce699-4338-42c7-b43d-d60b642795a0,century,Clothing,99.14
972aa826-de27-4140-aaa0-79d6865ba778,old,Home,13.31
ac6d89be-568e-45ce-89f9-c7d106e4e86c,a,Books,62.42
fb57497d-671d-4877-a7e1-1064574142e3,operation,Electronics,29.73
17779343-b463-4838-a13e-fe34e6574750,western,Home,32.1
732edb75-ea11-4166-8d8c-9f11381db326,remain,Books,66.55
c03c9f8f-9ee3-4e83-88fe-b5d819dc03a6,board,Clothing,46.9
e62ac660-0894-4b1c-b934-9591739f0208,for,Electronics,57.2
5641aa83-be35-47a3-b756-c1b4c599dfdd,speak,Clothing,68.64
cc95bc6b-4671-45bc-b36e-b5c84c230dd3,might,Home,14.46
0d0f1f14-52ac-445f-9c81-53345548f4b9,cold,Books,39.03
4ab5eb5a-bced-4350-a9b3-506ac50cf767,information,Clothing,70.66
4cbe6e31-7fff-469a-bb50-ba7acdd423d5,tonight,Home,66.39
d2252a1b-5031-488c-b366-7110d6761a9b,instead,Home,67.81
e348da87-cd6b-4a80-8c6e-433da9e46db1,between,Books,95.59
7bfefaa0-9501-494f-906b-13e6f2715942,image,Clothing,85.25
3c7a0f86-85eb-4b61-b78b-0828ef079461,prepare,Books,43.96
0a659020-88b2-4e98-b752-b405cee648f6,ago,Electronics,31.01
86a3fd34-1468-45ab-a0f9-b70446aee1be,in,Electronics,15.79
bbb7c854-3233-4585-a822-f109e939faa0,beyond,Home,72.81
343463fb-090d-4c25-8f0f-9b0b17de72f9,main,Clothing,12.8
b721035c-a50d-408c-a64b-005dc200af33,land,Books,15.15
39328122-f7d5-4943-ac1c-cedcb9d89c39,child,Books,99.12
bd347730-ec32-4e81-b32d-4409609feeb8,range,Clothing,97.13
c25b7ddd-8fc0-4199-87bc-87c857d5550c,nearly,Electronics,64.98
75b7cc60-222b-49da-8027-8afc6d7b7692,your,Clothing,59.54
9b0d6a11-fcd2-48de-aa78-394f60656b01,you,Clothing,24.47
64c87712-9254-4ca4-8361-610030ea255a,often,Home,60.4
8cb906fd-2ec7-4369-a99a-906375e28ec5,baby,Electronics,84.55
0dc06828-79bb-4be9-a99f-e7467190380f,allow,Home,46.98
1f3c23fe-e838-48d0-9c31-d4893057edb5,language,Electronics,17.1
c11533b5-a5d4-47d6-8580-2d55f954fcfa,he,Electronics,18.63
5a4664d8-1671-46a3-ab71-4edbee991d43,thing,Home,95.61
7da8aa7e-a091-4e68-b85f-c7d34d4186b7,soldier,Clothing,75.68
8c38b8d1-74f2-4098-865d-3597a538460e,over,Clothing,69.12
cf7546de-d030-49ad-9ee4-5ef52f49b89d,second,Books,56.38
9fbdbf67-57a4-4d6b-a973-44a58d299456,spend,Clothing,31.93
3f089759-ca2d-442e-b0d4-f31f261b916e,do,Clothing,58.92
04ff6d89-d689-44fd-9258-44479d7ba701,hospital,Books,94.67
f19068c5-3477-421d-b718-79357d4c428d,player,Books,76.88
67fc148c-c9c3-46d2-bd5a-ec5f2c952f77,what,Clothing,85.85
6a346235-6290-4ad6-bd25-aa38f06f4551,yeah,Home,44.93
b39e55e6-f89f-47d9-a230-bc8002bf07b5,manager,Books,84.94
5d7e8972-cb97-4a98-940b-f3722a8065b6,tell,Electronics,79.38
cb709600-18e7-4f42-a4f8-b158ad55aff9,focus,Books,13.63
8a23ba3f-f091-41b7-91be-2acb088aef2b,growth,Books,84.93
aa286730-fffa-4b9c-884e-3a41f093e805,determine,Books,94.36
a760e7b3-4a8d-4d86-b1e7-6fad38d4d72e,financial,Books,34.88
01caa6ce-14c9-4ec8-bd89-00290a107236,edge,Clothing,76.61
b748617c-6b55-4a21-9c35-420b9b4f773a,religious,Home,57.98
f57dfb2d-fc49-484a-a58c-36b4df819906,his,Books,62.82
7f2ce547-4251-473e-8f73-18343e9292ef,good,Electronics,34.89
e27ff44c-87c4-4cf4-8c61-de407461ffde,onto,Books,58.2
c112334d-b047-4d64-83d2-c07bb85e92e5,him,Electronics,99.62
0b2db08c-01fd-4fd4-82ed-8e4ee6552c68,water,Clothing,49.85
21ef9209-38e2-400a-82f5-40ce1cf0e059,recently,Clothing,75.98
e3a508c6-cc70-426d-bc2b-9835393b2047,tree,Home,83.06
c6380e49-959d-43e2-a80c-edb3e1dba1f0,direction,Clothing,77.8
620c073a-dd65-48d0-a336-44f17abc24a9,present,Electronics,18.85
378e4244-2e1a-44e1-8ff6-297cbecd385d,share,Electronics,95.18
37d6c458-1a28-4ab1-a288-d16783d2ee23,right,Electronics,73.01
4126f82f-f28b-40c6-b7be-776578e4ceff,value,Books,54.03
6e625323-a823-46e5-9bd7-bb6335bed2d7,off,Electronics,27.95
808a48a2-c529-455f-ac18-b3b37894c6a8,different,Home,22.18
cd631d79-ddc5-4d34-b2be-7fbd6e318727,consumer,Electronics,15.83
c61b7ecd-1c46-4dec-82be-5f2f6293ed13,mother,Clothing,29.19
63d4dff2-1766-49ea-be88-942ff0304954,practice,Clothing,96.79
ffc30102-4c31-4e55-8cd3-b26c7e6e1c7e,well,Books,23.66
6d247a88-a7ea-4645-b7a7-c27bea843cc3,poor,Clothing,70.06
2f869234-d3b3-4f20-b381-18ca5e5a5bd4,role,Electronics,47.26
788923ab-2eee-43fe-8e36-5c6afe6e22a7,at,Clothing,17.65
f9fdd341-815f-4b93-a41b-2c1a607468cb,manage,Home,21.06
82990f49-2dc3-4493-80e4-7ea15e63a139,policy,Books,28.91
51e3d6f8-4fa1-4ee8-a35b-0f84842b5486,travel,Books,99.04
c1dc27db-a050-4fa7-aa76-d45d814ed7d6,bit,Books,11.67
86605fc3-1dbc-471a-bf4d-8f2d463e70ea,standard,Clothing,11.53
960b857c-0eae-49dd-854c-03909e90bd5e,lead,Electronics,41.14
95b011ed-9599-44dd-8ac9-4db1ebee8ef2,how,Electronics,37.18
f4517fe8-c297-4044-bfba-47c507287e4d,long,Clothing,18.85
3f5830b8-d113-4edd-ac81-cb3bab282e4e,officer,Home,46.11
fd867556-4adf-4529-b924-8d1af0820c72,measure,Home,43.09
8631e824-b7a6-4a26-9048-e8f7ee1830e0,pass,Clothing,84.81
763b3a71-72ee-4683-8f49-9293507b9714,black,Books,73.03
9cf46b66-0468-4f6d-91ad-79cb5c35095c,official,Books,89.53
65ea8d5e-e236-42e8-9d81-f8d65aff432f,new,Home,38.05
20f814b9-bb3f-4f79-ad38-5be3bdafb9eb,crime,Clothing,17.58
8d060fd1-9b54-4161-b024-641b090c3c40,fund,Clothing,39.81
dd4037e3-ee00-4ab1-baa9-f652a6bbd7df,that,Electronics,30.98
15c58fdd-91e5-49eb-a140-86ff5d9ee14d,yeah,Books,47.82
a67e80e9-5280-4daa-88b1-e57d01d80c9c,knowledge,Books,47.01
5df13148-6e93-42a8-9d19-1b2e3f77ff5d,body,Home,38.07
0d774bdb-7515-475b-85bb-bb2c55aac110,official,Clothing,15.44
3b49ca38-3392-44c4-b44d-a3303b7552aa,body,Books,75.85
deeed408-a07b-4c10-8ef4-7e2e9a19dad6,site,Books,96.04
9a250ed7-8e31-408b-acd9-1afeac3aa374,cold,Books,91.98
0d0b1fba-8305-4fd5-bb25-c5f4f165b867,need,Books,13.05
b186b16e-e900-45b9-8777-38d90a94acd2,central,Electronics,13.86
f698b59f-5ecc-495f-b06f-e83bd8eaf10f,space,Electronics,93.89
ea736b82-8ea9-4f2e-91b5-0d8b02bf300d,by,Books,94.14
bec8f35b-2c8e-4bd5-82e1-9f473188e6f2,spend,Clothing,21.83
59835526-678e-4627-a869-6be2c42fd84e,down,Books,70.29
86a6593f-770b-4170-be6b-5cf483fc4676,north,Electronics,20.7
05b137cf-62f1-4f56-80e2-1e87e8f4dc12,write,Books,92.22
d318afa5-7142-4827-8648-268c4eabed56,control,Electronics,59.39
bd3a3065-68c3-4853-9788-a5431d3de2cd,suffer,Electronics,13.98
24ca31ad-2032-43dc-b9ef-4c98b924c39c,above,Clothing,71.65
3fba7071-7d95-4b73-926a-603970541421,check,Clothing,21.42
2c684865-5c0f-4c60-bb4a-1119edc46dcb,red,Electronics,82.77
cdf4fd01-5e72-46f0-8a78-5fdfa380ccb5,phone,Clothing,38.59
4911669e-cce9-4c53-a910-0058a1396b5a,test,Home,69.21
22ac37b1-8ca5-4c34-91ae-0f17f3c101b3,south,Books,74.7
6980aba9-3cea-4e9b-9a58-f31150971687,game,Books,93.18
67187417-b6b1-4295-8839-1671cbfe026b,dinner,Electronics,40.0
e6566c54-c05c-4dda-b0ff-d09bd9fa3929,part,Books,11.12
7b675290-abd5-4727-b3a7-35d23f01fff2,indeed,Home,74.57
04479b88-7851-4857-9376-88e47f5b573b,account,Home,78.44
b10b4428-c496-4278-addb-61c0c84a3502,rest,Books,39.01
0d4b392b-d922-47a9-9d65-364ecfd85600,gas,Books,88.47
045fb500-b358-4528-b229-2b8d62be0aad,society,Home,42.13
c0ac3720-ff83-4bab-9f63-6eb00455d485,skill,Home,11.05
18489922-7444-41ea-8918-8185ba2ae9ca,piece,Clothing,99.57
fe3dd93c-103c-450b-b68c-f34adc288b84,deep,Clothing,15.79
b1003b04-c543-4f4a-b34d-afd019a287f1,box,Electronics,77.8
cae3118f-1d99-4cda-a1a3-e17a1a1bb796,cell,Electronics,73.5
555d5e06-9be7-4697-9e5c-169512e57e9e,energy,Books,47.72
3ebc2bc6-3bb2-48d8-aefb-a2c3c7843e45,rate,Books,92.75
58f68575-59a4-4dd5-9abd-c7315f31f417,type,Clothing,39.67
ea0a3a0e-6ed9-44d5-bd36-ffd35023ac64,simple,Clothing,97.47
3c5f2690-6791-4294-a0ac-4a9512e117e9,ever,Clothing,65.63
d117c15a-c6dc-4de0-b4e9-5ab12992ecd9,hand,Books,55.36
03a47cb2-70b2-4d74-b18b-3f3174984505,size,Electronics,44.85
79f80230-deca-433f-a221-4e4ebea0fc06,shoulder,Home,97.15
16ef5a51-59d6-4244-bac9-88aee120256c,civil,Electronics,31.97
852973d5-a5b8-43f6-802b-53d97e70f482,market,Electronics,48.76
9bcde439-e315-4805-bf06-828292444a79,tell,Electronics,78.72
e3007523-4d49-4a0e-bc5a-0d26da1c79d2,matter,Home,47.01
1e871924-8ba7-4570-9110-e41336bd7793,company,Clothing,33.91
d79ba2e8-5911-4e24-8d29-06a0827f9aa8,movement,Clothing,48.71
10b320f0-a7c7-48d1-bf7d-3626aaedb3cf,bring,Clothing,85.24
57348243-a65e-478a-95c3-5357eee10405,main,Electronics,87.71
7724981f-5781-4ea2-a4ac-d65a9dd1d7ce,simple,Books,43.4
b3e339f4-ae58-4333-bede-36e69d72aa71,soon,Books,95.18
f1d2b8f3-5cda-4e04-b3b9-3380745d7b73,kitchen,Home,90.15
37d2f3a4-2fe6-4e1e-84fa-c7c47b148aa3,fear,Clothing,99.8
56191f3f-675e-4ef7-9c94-922185da881c,do,Books,70.13
d4161ea4-dab6-4275-acce-e8819f7d9ef4,office,Home,91.87
383c8816-2964-49db-b286-84b12153b106,group,Books,83.95
48f04dea-ac13-4975-817f-3f9e2744bc78,probably,Home,46.14
ad91a2a8-265c-453b-b330-38fed073bb94,professional,Books,85.48
1b83310e-93a0-4c4c-a165-d47738bc0f05,most,Electronics,63.79
8d3d5760-7e2a-48a4-bc0f-df09f285d201,significant,Home,85.63
9851885c-c93d-481a-ad14-60f651dfa952,current,Clothing,11.69
2d6fb798-35f6-4386-8d7a-eabc47ae7274,Mr,Clothing,16.65
6e5f4d3b-3c22-4d6f-ae86-374c21bc3f39,full,Home,72.97
1d7dce5b-4004-4bf0-9705-c4ccaafff80d,cost,Clothing,54.88
3c65e47e-85c1-4458-ac3f-7610368f1e6e,drug,Electronics,86.02
8acd8b8b-9df6-40ce-aee4-8567f1fbe09d,this,Home,89.29
fdb3b30e-7809-413a-8100-3229dcc00cc5,set,Clothing,24.69
b3f2a50c-c483-4c86-a690-a3d9363b0c4c,call,Electronics,81.89
4ae285e2-12d6-4672-b0e0-cb033f55ecaf,team,Electronics,96.25
b0d3d983-49d8-4c9b-a933-e67c8dba4313,mention,Clothing,14.99
a7120dbb-a643-4415-b82e-d9155a86e1d3,learn,Books,86.28
6ab09719-f61d-49d8-9044-5581bf62605d,guy,Books,70.2
174e06b4-9159-46e8-aebf-2b598ad937a1,drive,Home,95.15
f3ff2b05-5941-4d7e-ad45-9ef02854fc4d,expect,Home,41.57
431c5a98-b9d3-4649-b94f-c5e37724ae56,stuff,Electronics,91.96
4bc3e742-aeb5-4a5c-ba53-a977d3c1a6d9,similar,Electronics,90.76
73fb5495-a5b3-457e-b01e-19c470de1c2b,affect,Clothing,72.88
348f0846-277e-44a7-ab35-8c1db8b6f853,from,Home,49.58
83b46315-0d91-4413-8752-33853ea4615c,dream,Home,16.97
5deae7f9-bc21-4438-882d-74cab4f668c4,impact,Home,21.02
8a684eb7-2c57-4139-b3a3-7070fc74567a,character,Home,83.48
bb41d55f-a751-434a-973f-f124df5bf1e4,often,Clothing,19.11
ae618d7d-df0a-4241-9925-403123b1c123,model,Home,91.39
2283d502-776f-4fe9-bff6-a47366c7d5fc,road,Home,40.44
f0b43fd9-dbf2-454c-92b2-09106a7e947d,four,Clothing,37.25
b46d1d58-8447-4067-9ee6-709f17595795,enter,Electronics,74.86
f4a76b22-1d59-43bd-97dc-142cc53a4fb3,room,Books,16.7
8de9d310-3d91-4756-ad7c-8fb7d88566a4,impact,Electronics,24.44
b5120ac0-517a-4a36-9e55-a8c46300efc5,since,Books,80.01
e6e8e8ec-4767-4d3c-9d08-2c89cf9ebd2f,step,Home,18.33
042ddf58-4fac-485d-9a5d-e7c12c94823c,support,Clothing,23.35
a8061016-4788-410c-bcc0-33d2e7ed3100,second,Clothing,79.55
9a73faab-fdf9-4cf5-9d5a-f8172f4629ff,beautiful,Clothing,92.06
2b01988b-416d-47a5-9ffd-78f64691038f,wait,Home,17.75
868fd277-6cd0-43aa-a854-f5aa51265c09,space,Electronics,39.52
8677b0c2-eb9e-4a0d-9529-3e7cbabd8b1f,baby,Books,40.97
b559dcd8-8117-4aab-8ac0-c2b9ffb24dc8,money,Electronics,93.32
d2278519-3072-4ee0-87d0-d7a3bca8d155,fast,Electronics,64.73
c3c1e386-ea52-4318-a878-d16b181d7808,few,Books,46.51
994c5417-f6b7-448e-a2d2-43700bfeb997,have,Home,92.18
c129351a-576e-4de8-8bad-302a67dbd614,laugh,Electronics,10.98
5c78da5d-0ce4-47e9-a0de-cde770eec932,action,Electronics,32.08
1aee240d-6cec-4409-a393-acd085a86201,official,Clothing,12.42
8203c8e0-36ff-48f0-b2f7-fd89064d0b74,fear,Electronics,90.99
88f69017-670c-48b4-8109-914aa1047dfe,onto,Clothing,16.08
c972929b-d607-4077-a69c-b1985a6fb0c0,always,Electronics,99.55
6ece48bb-1f7f-4e48-b50b-15e0bbe35eae,place,Books,72.94
4256da82-2a3b-43b9-a859-542d377790db,common,Home,84.24
8c639be1-051e-413e-aaec-2512dfab156b,admit,Books,76.18
688ed54f-637f-408d-90c8-3f494456ce35,wish,Books,65.72
898e7e9a-7087-4a4d-a503-cfa3056a4bba,spring,Home,53.47
0533287f-7e41-4f4e-bfc5-b87ab464679b,close,Books,41.63
7c0eee0c-b5be-4d7a-9fdc-7002a02fb182,major,Books,95.02
20980da1-abee-4776-9159-eff717369869,red,Electronics,25.11
696a2d6b-4821-42ec-a6a0-5bf28ddc0069,they,Clothing,82.02
414b1698-f4de-4416-b657-abfbe5e90498,environmental,Books,25.67
dfd855bc-2fe7-4dcd-92b6-fc9a85b2926c,wrong,Clothing,55.87
4f0c5f86-b074-4ab0-bb51-2fb117987a3f,prove,Books,76.89
9aa88ec2-bc5a-4534-bc89-9168c1d10623,during,Electronics,36.92
7b525d98-217a-41a6-9dbb-e22b9bdd59ce,sometimes,Clothing,76.99
ac1118dc-ea08-44b1-a052-3bac38faf3b3,east,Books,88.38
819cc347-8770-4d00-b4dd-1a2bed155535,even,Electronics,71.37
db0a081b-8aed-4d50-9113-1b76665b1a53,customer,Home,39.96
a3e3625f-4f38-4acc-93d1-3ace0983cc3e,yard,Books,84.16
8f5d50ca-a0e2-4e73-adbc-13500bb81a0a,customer,Home,40.87
0f72f966-7347-4abc-8e98-db983dd188ec,lead,Electronics,97.97
8ed1e17f-fd0b-43f9-b200-cc7c39bde86b,piece,Books,76.11
19de65b6-ede7-49e7-b067-c8dcd9e633c1,manager,Clothing,27.05
b0955ad0-a5c5-4083-a9c5-f9ff39bc4d7e,purpose,Electronics,12.51
f5aee82f-ed8a-4999-8857-2202498ae585,mean,Books,34.78
88361930-a794-469f-9fa3-de94f7eab473,base,Home,71.1
a473e54b-b9af-47f6-8945-fbeeb2df4070,war,Books,41.98
4b97960c-6802-48dc-a588-e955746c4fdb,treatment,Home,17.99
9716bc02-0e4d-4ce1-a05c-c1f0080f0899,girl,Clothing,40.25
1624ee60-d6b4-47ad-bbd5-4ae4fac1b212,position,Books,76.5
6e8e7b0f-c0e5-42fe-ae8c-49cf2c0b9eef,into,Books,94.83
b495b54f-ba3e-471c-81b9-7f6e86ea4a2e,school,Electronics,62.45
146caab8-5301-41bb-9b81-ad876d06c95f,million,Home,16.48
132d2e96-5e1b-4c22-b4ac-d14ac3eb8835,research,Clothing,37.8
36611aa2-de9b-40a0-95ea-61222e5b6e05,stay,Electronics,42.98
e3a9cc3a-47c4-483e-8ad5-b79d5dc8a383,painting,Books,80.44
c5de3283-d47f-4d05-ae87-83a832d61e43,industry,Home,17.9
3887bfcd-e3d3-4d2f-8901-33809d410399,speak,Electronics,64.91
fa0c31ed-d89a-466d-aeb4-644161e83c1d,relationship,Clothing,76.79
31776790-4c36-40c1-913f-4205c4231c34,budget,Clothing,65.4
24ce2ea7-cbfe-4afc-be87-0f70009208d6,method,Clothing,20.18
ffe63582-06e2-4b58-a0da-64e493423b9b,north,Books,21.25
bc37c5c3-cf0e-4385-81bd-3b142e7d3681,or,Clothing,33.55
e2da1053-c1e0-4393-ba02-1931787483be,throw,Clothing,12.5
dfabe0a4-93cc-48b0-b003-0fa87596b897,sell,Electronics,50.11
0e8e4e53-32cb-4edc-98bd-dcf911195327,prove,Home,17.03
56c4b882-2231-4711-82e0-61b5e2a0b765,whatever,Home,17.89
0863978f-4be6-49f3-81e2-566069e5bdc5,note,Home,74.49
b2f93ab2-62a1-49b1-9aa0-f4813492c612,man,Clothing,84.68
f514eeb2-7414-4dbc-a92a-139e44a003ac,phone,Books,18.85
c9d85b30-73e3-4cba-96b3-474eac585d3b,scientist,Books,63.95
a2617348-128f-4eff-b66a-f537ee2ffbfa,line,Clothing,35.63
23e34bac-cf8a-4e95-a0f1-0092fe9d570e,today,Home,49.32
f48829be-0e4a-402c-a1de-0d10e9ffa5a2,court,Electronics,50.01
cae49c0e-5c31-4ccc-b1b6-424be8549abf,partner,Clothing,73.17
2a7c48fe-5948-4188-b158-252bbb47099f,movie,Home,24.48
267224a8-b9db-4187-a9ba-4ceff427c62b,just,Home,97.77
51a86f09-4226-49f2-87f0-44cd02841cf5,meeting,Electronics,28.28
e374b23b-e75f-4fa0-8f98-1a5935f88169,wish,Books,86.64
4fc850f8-de3b-471d-bfad-d2ceac3f3edb,even,Electronics,42.71
dd054aa1-4a2c-4c41-aeeb-104604a9ee17,vote,Books,40.41
28074451-0ffc-40a6-aeb3-bd84eabf0369,agree,Books,14.02
c51e235c-ff2a-426e-a565-40b3c3ddc9d0,bit,Home,52.05
c1528fc0-3bb5-48e2-a1bd-a7a06f6b501b,wide,Electronics,84.73
1cc3e083-2bc2-42b6-8c43-4302931f5264,far,Clothing,91.78
83b5d1aa-5eaa-470e-93d7-8756600ed561,door,Clothing,73.14
6ad4bf90-a525-47f1-839c-c21176af396a,traditional,Home,65.24
5c7864dc-3dce-4018-8472-a5f94c4f8a3b,onto,Clothing,40.61
45c0c296-d7cc-451a-ad85-638fdbda69e3,price,Home,25.82
5e707a99-bce4-4d7f-a52b-748c79c6c017,might,Electronics,82.65
c628e0ef-9ce2-45cf-bfcc-4da672d10e83,quite,Books,18.95
d5f82abb-8166-4b63-a4b6-2f452e20141e,in,Home,37.53
43205626-3707-4c83-9762-1eae58f3a8ac,cultural,Books,20.7
2924308b-c7ac-4e28-970e-2157e09fd346,however,Books,48.39
441f3c57-71b3-4d8f-b104-65a155cea14d,rise,Books,64.88
4c8e317e-0416-4b48-9dc6-4b2d990a05de,certainly,Electronics,98.43
7703e0df-bb36-4bc0-95c3-4bd08deafb81,attorney,Electronics,41.38
1d5ae163-3ccf-4aba-8f51-06de91cad7ac,pattern,Clothing,79.66
b860b06e-6b14-428f-8ea3-c9905b88e8da,simply,Home,71.84
6d7bcf6c-ea38-434d-818b-cc1d7021e53e,ever,Electronics,42.36
11e8faef-1028-49c3-8374-2b91a439c010,from,Clothing,22.43
9ee02a0b-a8a1-42a1-a577-c5bff39209f3,you,Clothing,42.16
f782f0d1-107d-4459-a52d-b2f6090fe7c2,force,Clothing,98.81
8b6c9678-c606-4d40-bf16-22b1dd6cd168,trial,Books,38.53
5d8dee8f-e704-424c-ba98-018cbcc27964,state,Electronics,52.19
e380d40c-8dd5-4b3d-86e9-9d43cb3fc19e,relationship,Clothing,45.91
c968dfe9-37ad-4947-8c38-396d931b0431,dark,Electronics,63.85
a72b8466-12a9-488c-ab3c-5fa58dab6b5f,play,Home,11.02
f53fd092-e7ba-490e-97b3-60786110b556,skill,Clothing,54.83
e36e9b1a-56e9-481d-ab21-a8031291f52b,direction,Books,31.27
3127e481-47b3-4ff2-bb13-3f2732865c45,current,Books,87.94
e3e803b8-d2d5-450a-9191-64e25fcc148c,question,Clothing,61.76
cd35a450-e6df-4076-8364-0d0037eea80d,time,Clothing,32.93
c250459a-8a1e-4c3f-b74d-caea7591f2cf,strategy,Home,23.12
ca72ee9d-8a54-4d39-b870-ddcc20a9792c,community,Clothing,55.74
c6530e16-dd54-4796-ba25-b8e3b8af1e0f,face,Clothing,63.86
e2a6c849-427b-4a12-a889-bcecb00e54bc,return,Books,45.64
5b80e0a5-3bcc-4b35-9b67-b103c6043bb6,lose,Home,73.98
9dd3c01b-a4f0-477b-b5af-294385e10291,series,Clothing,32.36
bd4c4bfb-41a9-47bc-a4c1-ed5a8eb21b3c,door,Clothing,12.44
0d87fd07-b600-4fdc-bc1f-e4cfa88137be,management,Clothing,93.23
4dd4213a-64be-44df-9b3c-d772333b9782,economic,Clothing,79.4
a52bd478-8ed2-4a1f-874f-b5ec82db3ecd,instead,Clothing,61.83
9c840474-f62a-4625-b276-7efc72823a0f,month,Books,19.06
04a6eac2-037a-483f-a390-529b6bdb96c3,example,Home,90.94
4b0131ac-7757-4ce3-9ff6-8d6558140e4f,rate,Books,81.34
93145f69-f6d5-433c-961d-f1db45cc81b7,collection,Clothing,79.44
d9b983fe-cf3d-415f-80ee-0770f6e30b14,machine,Books,85.33
26c45e47-5e8d-4e9e-a3c4-0752973e196a,today,Home,60.5
80bb1c74-2653-4989-9e87-17d1e26b6ef5,wall,Clothing,19.19
9f69ee56-8cb8-4734-9052-7c0fdc9e62f8,painting,Books,27.01
95efe412-70bd-483e-b461-123002d1d5f7,investment,Books,89.55
5493d099-a1a5-4d8f-98f5-c64433421f7c,region,Clothing,92.72
5f5810b6-d2b9-4e58-a71b-80413e2b18ff,sometimes,Electronics,83.61
c3d0a84d-a9a8-4d7e-bdf6-292a03c0c6fa,soon,Clothing,10.2
9b70034e-5caa-4599-9c8c-4564eafa0b72,factor,Home,47.56
d46c36a0-46eb-446b-ae8d-7f3422c573d9,once,Electronics,66.74
2e25f5e8-1683-4951-862f-943a48612299,true,Books,59.87
348d9bb0-f3f1-4a94-a55b-3876fc776575,growth,Home,80.2
cbe9f23a-8345-4012-81bc-23b77792d855,message,Electronics,88.06
c9c03645-61fd-44da-8511-57dc74ff0f50,half,Electronics,47.05
f913d042-805a-4201-94c0-e7ace4f23263,term,Home,92.8
24cc6c61-569e-48fd-841c-88bec8519be2,military,Electronics,64.27
0c3c1d4b-60b8-40e0-b854-b332c3c95f44,trouble,Books,46.68
d50aeb42-9a09-469e-bc40-048228028b85,physical,Books,60.71
fe90403a-b35f-4dcf-a0cf-4b9df41c3f0d,seven,Electronics,23.91
6802bee8-a45c-4f0a-8827-41e8541d55ca,window,Home,14.19
d1163041-4a21-455a-9458-3fab356174da,office,Electronics,16.53
ba2d7a81-22a3-485d-b98f-048758277d91,whom,Home,65.16
bb7f2d05-ff5d-4feb-9f10-d0d79558ab3c,democratic,Home,69.74
dbd57ff6-20e0-463c-b22e-70faf6c4101f,before,Clothing,52.86
d270c033-267c-480f-8c19-4a3c3fa4cdbf,dark,Home,47.06
72c52f11-5e8a-4f58-b6ab-424d6bf935dc,mother,Books,53.51
f11c489c-37bf-4dd6-a52c-351fb431dfff,pull,Clothing,32.07
883b322a-2c8b-471c-be7c-8aaa7988dcd5,second,Books,66.04
230414e5-ff7a-4a93-aca7-4b119af76fd9,choose,Books,53.14
1a652ab9-7279-427e-9c28-967ecca18eb2,keep,Electronics,92.49
fadc30d7-6110-4c14-8ddd-1c42075b0acb,strategy,Books,41.73
a8fffade-94b2-4e21-9bae-8f79afeec2c5,institution,Electronics,98.85
57d9f152-e416-4d70-8be5-94f5c0477e91,understand,Books,54.57
bba528fb-e84c-44f7-a8d1-8799e0a4767c,performance,Books,25.24
855d53ee-e712-4741-aa4f-6f2ab5519dca,rather,Clothing,38.73
d74ac098-d98a-4cb4-9395-886b8cc12777,total,Books,22.98
d0d12f71-b070-47bd-a559-a4f4c8263ffe,amount,Home,56.84
5ea85eed-e649-4ad0-8bdb-0cea231e8481,drop,Electronics,10.97
6dc6b7a3-92a7-4219-a8eb-9626681b97af,meeting,Home,82.36
fcbeffb9-2176-4144-af3a-6ebc400ebd24,remain,Electronics,45.2
eadb3d21-95ad-4afa-894c-a35c6c709d20,wait,Home,50.1
12fd68fd-754c-4d5e-9757-4a09297c993b,time,Electronics,12.72
0e63c317-6cf6-4302-a583-e56b2022e0ca,fine,Home,94.94
82e7f0b4-1416-4291-8e11-a5db85e1802d,mouth,Home,74.7
0796a08d-4d9e-47da-9b0e-53b873fa04a8,single,Books,88.94
f69beddb-80e2-4ac2-ad96-f717389e0db8,year,Clothing,98.8
8f33f1ba-081a-43c6-8396-3646ebd08819,democratic,Books,94.71
18444854-632a-44c8-931b-695cad344514,product,Electronics,42.57
